{
  "version": 1,
  "root": {
    "ref": "o:1",
    "type": "t:1"
  },
  "objects": {
    "o:1": {
      "barcode": "Chiikyi.Javelinpartan",
      "title": "Javelin partan",
      "description": "",
      "unlockable": false,
      "redacted": false,
      "author": "Chii'kyi",
      "version": "0.0.0",
      "sdkVersion": "0.3.4-1649",
      "internal": false,
      "crates": [
        {
          "ref": "o:2",
          "type": "t:2"
        }
      ],
      "tags": [],
      "changelogs": [],
      "isa": {
        "type": "t:1"
      }
    },
    "o:2": {
      "barcode": "Chiikyi.Javelinpartan.Avatar.JavelinSpartan",
      "title": "Javelin Spartan",
      "description": "",
      "unlockable": false,
      "redacted": false,
      "mainAsset": "ae115a6b0cf591b468372daf9a2c0632",
      "tags": [],
      "packedAssets": [
        {
          "title": "PreviewMesh",
          "guid": "62b4bc6fca948a141ab821f69143a6ce"
        }
      ],
      "colliderBounds": {
        "center": {
          "x": 0.0,
          "y": 0.0,
          "z": 0.0
        },
        "extents": {
          "x": 0.0,
          "y": 0.0,
          "z": 0.0
        }
      },
      "isa": {
        "type": "t:2"
      }
    }
  },
  "types": {
    "t:1": {
      "type": "t:1",
      "fullname": "SLZ.Marrow.Warehouse.Pallet, SLZ.Marrow.SDK, Version=0.0.0.0, Culture=neutral, PublicKeyToken=null"
    },
    "t:2": {
      "type": "t:2",
      "fullname": "SLZ.Marrow.Warehouse.AvatarCrate, SLZ.Marrow.SDK, Version=0.0.0.0, Culture=neutral, PublicKeyToken=null"
    }
  }
}